Date,Open,High,Low,Close,Volume_From,Volume_To,Year
2018-01-01,13444.88,15306.13,12934.16,14754.13,137732.17,1956783037.35,2018
2018-01-02,14754.09,15435.01,14579.71,15156.62,106543.39,1604206990.04,2018
2018-01-03,15156.49,15408.66,14244.67,15180.08,110968.82,1656714736.62,2018
2018-01-04,15180.08,17126.95,14832.36,16954.78,141960.42,2283988962.92,2018
2018-01-05,16954.76,17252.85,16286.57,17172.3,83927.99,1412703790.73,2018
2018-01-06,17174.5,17184.81,15791.13,16228.16,79006.37,1309532650.11,2018
2018-01-07,16228.26,16302.92,13902.31,14976.17,142453.96,2166366561.33,2018
2018-01-08,14976.17,15390.28,14221.55,14468.5,99730.65,1486802326.34,2018
2018-01-09,14468.09,14919.49,13450.54,14919.49,142303.9,2025083791.13,2018
2018-01-10,14920.36,14979.96,12825.95,13308.06,173452.27,2373494121.74,2018
2018-01-11,13308.06,14129.08,12851.91,13841.19,102068.02,1402292716.89,2018
2018-01-12,13841.19,14595.04,13830.28,14243.12,71300.93,1021352776.21,2018
2018-01-13,14244.12,14415.67,13031.91,13638.63,81536.0,1112590573.36,2018
2018-01-14,13638.63,14355.82,13416.71,13631.98,84089.84,1170462750.59,2018
2018-01-15,13634.6,13648.84,10032.69,11282.49,325702.79,3842651741.45,2018
2018-01-16,11282.49,11736.3,9205.38,11162.7,348631.94,3666978316.26,2018
2018-01-17,11162.7,12018.43,10642.33,11175.52,204918.02,2357251805.09,2018
2018-01-18,11175.52,11780.49,10867.18,11521.76,110885.87,1264875700.45,2018
2018-01-19,11521.82,13031.04,11502.11,12783.94,119084.84,1492721765.44,2018
2018-01-20,12783.54,12787.35,11101.73,11549.93,130427.64,1552755289.93,2018
2018-01-21,11549.98,11913.74,10067.76,10814.52,165723.08,1811992345.95,2018
2018-01-22,10814.52,11388.52,9980.5,10858.23,158868.59,1710180828.64,2018
2018-01-23,10853.78,11531.6,10506.55,11429.02,115804.82,1286435482.05,2018
2018-01-24,11428.11,11741.92,10930.34,11175.87,93317.76,1061064251.44,2018
2018-01-25,11175.87,11656.54,10346.86,11104.2,142350.84,1560135332.27,2018
2018-01-26,11104.34,11638.69,10879.2,11459.71,90873.81,1031091633.68,2018
2018-01-27,11460.39,12064.19,11407.94,11767.74,87917.22,1038153169.8,2018
2018-01-28,11767.74,11860.29,11089.52,11233.95,80713.7,920836244.04,2018
2018-01-29,11234.32,11263.7,9871.21,10107.26,164072.93,1720894077.2,2018
2018-01-30,10107.4,10377.96,9698.13,10226.86,122260.49,1230902973.11,2018
2018-01-31,10226.86,10280.84,8726.95,9114.72,208918.8,1964308989.29,2018
2018-02-01,9114.73,9147.93,7786.2,8870.82,322596.22,2768759876.15,2018
2018-02-02,8872.87,9504.37,8194.68,9251.27,139226.07,1253484523.4,2018
2018-02-03,9251.27,9400.99,7889.83,8218.05,164609.06,1413207410.82,2018
2018-02-04,8218.05,8391.29,6627.31,6937.08,341828.54,2534149181.03,2018
2018-02-05,6936.43,7932.38,5968.36,7701.25,495883.24,3397596513.74,2018
2018-02-06,7701.25,8572.68,7208.86,7592.72,271450.37,2159765331.36,2018
2018-02-07,7593.78,8643.94,7590.48,8260.69,193040.33,1594673973.51,2018
2018-02-08,8259.26,8743.2,7775.36,8696.83,162279.68,1348072086.15,2018
2018-02-09,8696.83,9081.49,8176.25,8569.29,155616.78,1348923336.33,2018
2018-02-10,8569.32,8573.35,7862.31,8084.61,123293.84,1013771945.88,2018
2018-02-11,8084.61,8997.34,8084.41,8911.27,124923.98,1085921871.17,2018
2018-02-12,8911.17,8955.15,8379.35,8544.69,98632.88,853320352.71,2018
2018-02-13,8544.69,9508.22,8542.98,9485.64,133702.54,1220863360.18,2018
2018-02-14,9485.64,10223.58,9363.38,10033.75,168776.78,1666668487.88,2018
2018-02-15,10033.75,10303.14,9720.38,10188.73,105556.67,1061827697.26,2018
2018-02-16,10188.73,11119.45,10074.07,11097.21,123660.48,1327921168.02,2018
2018-02-17,11097.21,11288.34,10161.01,10417.23,154431.22,1659704217.34,2018
2018-02-18,10418.12,11265.96,10336.32,11182.28,108244.29,1186535653.61,2018
2018-02-19,11182.28,11802.23,11130.95,11256.43,142449.23,1640343867.77,2018
2018-02-20,11256.78,11295.58,10256.21,10481.66,183274.25,1982721124.63,2018
2018-02-21,10481.66,10941.57,9757.19,9847.96,175506.26,1795951829.82,2018
2018-02-22,9847.96,10420.67,9604.0,10175.51,139373.76,1399448203.16,2018
2018-02-23,10175.51,10528.0,9396.54,9705.73,125269.68,1244484468.57,2018
2018-02-24,9705.73,9873.79,9329.44,9610.11,82430.45,793093192.66,2018
2018-02-25,9610.11,10457.51,9411.82,10326.5,117416.47,1181729273.47,2018
2018-02-26,10326.5,10879.38,10154.24,10594.76,99772.39,1060840699.02,2018
2018-02-27,10594.76,11067.76,10303.14,10334.44,105434.79,1126074675.67,2018
2018-02-28,10334.44,11090.3,10247.56,10929.37,88432.44,952472120.03,2018
2018-03-01,10929.37,11191.94,10801.45,11043.12,77195.49,852908489.64,2018
2018-03-02,11043.12,11530.66,11043.12,11465.36,71279.36,812200126.22,2018
2018-03-03,11465.36,11539.79,11084.01,11504.42,61016.39,690727335.55,2018
2018-03-04,11503.94,11694.15,11431.55,11440.73,68323.51,791471905.1,2018
2018-03-05,11440.33,11441.65,10589.28,10735.45,109876.55,1210081181.36,2018
2018-03-06,10735.45,10913.7,9470.73,9928.56,183060.08,1858869115.0,2018
2018-03-07,9928.56,10119.21,9086.85,9316.72,154879.22,1492236089.97,2018
2018-03-08,9316.77,9433.38,8393.45,9252.76,233598.15,2081621422.7,2018
2018-03-09,9252.76,9518.62,8727.43,8797.27,117409.38,1084925795.69,2018
2018-03-10,8797.27,9735.64,8484.32,9544.84,149877.66,1374814644.2,2018
2018-03-11,9543.98,9907.41,8796.52,9142.15,152959.8,1435404200.39,2018
2018-03-12,9142.27,9486.12,8856.65,9160.12,133768.47,1228556284.3,2018
2018-03-13,9160.12,9360.66,7966.94,8217.7,161775.05,1385572511.72,2018
2018-03-14,8216.22,8432.12,7698.47,8268.41,187365.71,1519850464.55,2018
2018-03-15,8267.95,8616.63,7924.11,8283.23,129688.11,1082790136.53,2018
2018-03-16,8283.23,8360.64,7765.41,7883.45,111641.32,901939422.97,2018
2018-03-17,7882.67,8299.86,7318.46,8215.4,198796.34,1535519444.95,2018
2018-03-18,8215.5,8725.6,8129.66,8623.14,171829.52,1447812723.08,2018
2018-03-19,8623.14,9056.23,8339.8,8920.71,131959.66,1150462439.42,2018
2018-03-20,8920.53,9184.51,8778.69,8911.35,109985.22,991376396.96,2018
2018-03-21,8911.37,9107.0,8500.88,8724.98,116522.98,1023286566.15,2018
2018-03-22,8724.98,8935.88,8307.58,8934.8,109649.39,939997284.45,2018
2018-03-23,8935.51,9036.23,8515.53,8548.06,93296.24,827663165.33,2018
2018-03-24,8548.39,8690.36,8395.85,8472.84,76775.64,657643520.26,2018
2018-03-25,8472.56,8521.04,7869.27,8152.2,131859.97,1079038734.78,2018
2018-03-26,8152.18,8226.24,7752.3,7808.48,116523.1,930754990.52,2018
2018-03-27,7808.42,8117.79,7752.6,7959.78,82590.62,657712114.92,2018
2018-03-28,7959.78,7983.77,6927.11,7106.62,185805.88,1379180030.3,2018
2018-03-29,7106.62,7280.27,6595.26,6853.76,229837.79,1584675343.21,2018
2018-03-30,6853.75,7228.4,6806.34,6943.77,129526.48,915400590.57,2018
2018-03-31,6943.77,7056.22,6463.54,6835.84,131344.01,889887684.72,2018
2018-04-01,6835.58,8218.66,6792.3,7074.6,106513.22,748861435.14,2018
2018-04-02,7074.65,7528.97,7039.88,7434.3,122807.02,905326798.64,2018
2018-04-03,7434.3,7442.42,6727.09,6815.5,123910.33,877199782.17,2018
2018-04-04,6815.5,6933.66,6602.38,6790.45,114426.84,777145174.76,2018
2018-04-05,6790.45,6869.53,6526.67,6634.86,90749.16,605651287.47,2018
2018-04-06,6634.86,7083.85,6624.47,6917.2,81312.77,564883141.53,2018
2018-04-07,6917.2,7132.03,6911.02,7049.92,60386.23,425825572.09,2018
2018-04-08,7049.92,7204.28,6633.69,6789.53,130534.03,901883664.92,2018
2018-04-09,6789.53,6922.84,6676.72,6871.07,62035.53,424510977.27,2018
2018-04-10,6871.07,6999.37,6839.16,6977.13,64802.3,450141340.22,2018
2018-04-11,6977.04,8051.95,6791.33,7927.73,197276.82,1490759969.77,2018
2018-04-12,7927.73,8237.16,7758.8,7899.11,145665.26,1171435820.59,2018
2018-04-13,7898.74,8195.34,7841.19,8022.51,66678.63,537286381.88,2018
2018-04-14,8022.51,8437.03,8021.04,8376.73,68822.07,570527804.56,2018
2018-04-15,8376.73,8430.93,7929.24,8079.77,87681.75,713471956.84,2018
2018-04-16,8079.77,8187.6,7858.12,7921.63,71933.6,580880500.84,2018
2018-04-17,7921.65,8246.57,7908.92,8189.96,73050.12,593500791.64,2018
2018-04-18,8189.92,8321.01,8136.42,8301.82,72820.98,602099034.89,2018
2018-04-19,8301.82,8945.14,8243.49,8877.08,114730.74,979994921.45,2018
2018-04-20,8877.15,9047.82,8631.18,8935.72,93635.24,829073400.66,2018
2018-04-21,8935.85,9043.98,8788.44,8823.36,68212.83,610183093.43,2018
2018-04-22,8823.46,9025.73,8804.2,8968.25,61895.95,553892335.42,2018
2018-04-23,8967.86,9741.91,8957.68,9655.77,136352.05,1276464750.74,2018
2018-04-24,9657.69,9765.23,8757.06,8873.62,192797.41,1779806222.98,2018
2018-04-25,8873.57,9315.13,8669.38,9282.12,111690.32,997427934.62,2018
2018-04-25,8873.57,9315.13,8669.38,9282.12,111690.32,997427934.62,2018
2018-04-26,9289.01,9385.87,8923.48,8938.47,82025.4,758182407.35,2018
2018-04-27,8938.47,9435.9,8892.52,9351.47,83347.1,774111704.68,2018
2018-04-28,9349.94,9552.67,9189.07,9407.04,68227.03,640931911.37,2018
2018-04-29,9407.35,9459.81,9133.6,9248.45,61631.36,574099218.21,2018
2018-04-30,9248.25,9251.66,8851.1,9077.28,74147.8,669555436.99,2018
2018-05-01,9077.28,9271.62,8993.82,9232.19,57618.44,527488395.49,2018
2018-05-02,9232.19,9817.19,9172.28,9745.04,90631.98,857646889.15,2018
2018-05-03,9746.26,9785.15,9547.21,9699.61,68689.75,663887678.35,2018
2018-05-04,9700.37,9968.85,9687.09,9845.9,68875.75,679872376.4,2018
2018-05-05,9846.44,9936.96,9441.93,9644.92,62904.49,608650204.19,2018
2018-05-06,9643.99,9662.23,9202.13,9377.81,73842.44,692580062.51,2018
2018-05-07,9377.08,9472.09,9063.07,9196.13,72659.12,673924125.29,2018
2018-05-08,9196.13,9373.46,8987.27,9321.16,67939.11,625495066.08,2018
2018-05-09,9321.52,9393.95,9017.13,9032.22,67915.99,629850604.12,2018
2018-05-10,9032.22,9032.27,8363.5,8421.0,134727.27,1176888629.2,2018
2018-05-11,8420.82,8653.8,8225.97,8486.67,92805.87,783972252.35,2018
2018-05-12,8488.07,8773.96,8350.91,8709.46,61066.94,525395861.86,2018
2018-05-13,8709.46,8883.0,8312.72,8672.9,101370.46,874543293.99,2018
2018-05-14,8672.88,8848.69,8441.25,8480.16,84517.8,730739738.9,2018
2018-05-15,8480.16,8501.65,8119.17,8344.78,95203.5,789660713.22,2018
2018-05-16,8342.69,8476.45,8015.77,8071.04,74445.77,615539512.71,2018
2018-05-17,8071.04,8280.45,7940.35,8247.91,68665.67,558167598.76,2018
2018-05-18,8247.91,8397.27,8160.8,8249.24,45978.21,381458405.45,2018
2018-05-19,8249.24,8591.45,8181.46,8533.0,49694.23,418898289.02,2018
2018-05-20,8533.22,8585.85,8347.88,8419.65,54602.79,463653636.91,2018
2018-05-21,8419.67,8428.6,7962.43,7992.75,66032.52,543342369.36,2018
2018-05-22,7992.75,8031.63,7460.66,7505.77,120597.47,934151146.29,2018
2018-05-23,7505.77,7729.48,7283.77,7584.74,109709.83,826278113.25,2018
2018-05-24,7584.78,7652.37,7347.96,7475.36,84630.56,634474356.99,2018
2018-05-25,7475.36,7626.69,7314.71,7355.06,48994.09,368322782.27,2018
2018-05-26,7355.06,7420.07,7256.67,7362.23,46446.45,341348321.23,2018
2018-05-27,7362.23,7455.55,7092.91,7118.88,72505.5,526854342.95,2018
2018-05-28,7118.88,7533.03,7069.01,7474.75,86536.7,634849312.09,2018
2018-05-29,7474.75,7571.08,7295.78,7393.02,67797.62,505870974.98,2018
2018-05-30,7393.02,7608.87,7349.52,7502.15,60780.47,458223966.12,2018
2018-05-31,7501.74,7614.66,7370.27,7530.55,61082.25,458687659.47,2018
2018-06-01,7530.55,7697.34,7467.79,7643.26,47435.99,362414878.61,2018
2018-06-02,7643.26,7774.96,7606.76,7719.75,42988.84,332313005.46,2018
2018-06-03,7719.73,7760.73,7469.21,7503.2,56223.86,427448262.3,2018
2018-06-04,7503.32,7672.7,7394.97,7629.4,58424.84,440337235.4,2018
2018-06-05,7629.4,7701.35,7504.98,7661.79,51911.42,396116252.65,2018
2018-06-06,7661.79,7755.92,7651.13,7700.11,44318.41,342475552.09,2018
2018-06-07,7700.4,7709.61,7559.5,7627.52,40500.95,310119047.41,2018
2018-06-08,7627.56,7691.74,7495.72,7513.69,28511.04,218013881.09,2018
2018-06-09,7513.76,7514.04,6661.98,6773.72,127797.43,895514425.38,2018
2018-06-10,6773.72,6913.85,6652.89,6887.37,71169.64,482788065.15,2018
2018-06-11,6887.43,6888.33,6462.61,6556.94,75997.29,509372466.34,2018
2018-06-12,6556.94,6623.0,6140.63,6310.43,124304.17,797087281.14,2018
2018-06-13,6310.43,6719.44,6286.23,6643.26,95038.67,620296377.11,2018
2018-06-14,6643.63,6667.23,6380.69,6396.71,57731.42,379228601.07,2018
2018-06-15,6396.71,6569.15,6345.99,6503.1,35851.38,232802782.59,2018
2018-06-16,6503.1,6585.77,6446.38,6457.78,34359.95,224575526.46,2018
2018-06-17,6457.78,6802.03,6401.41,6714.82,65285.57,430241689.13,2018
2018-06-18,6714.56,6839.6,6672.2,6741.28,54949.84,370797057.99,2018
2018-06-19,6741.28,6817.9,6569.96,6761.27,59674.47,400530201.24,2018
2018-06-20,6761.27,6790.08,6687.66,6720.64,43765.89,295690715.67,2018
2018-06-21,6720.64,6731.51,5941.32,6051.47,137346.53,862826624.25,2018
2018-06-22,6051.47,6257.88,6033.2,6166.54,57011.61,350697378.49,2018
2018-06-23,6166.36,6254.02,5782.13,6157.78,110833.06,667479078.32,2018
2018-06-24,6157.78,6344.45,6095.25,6260.35,79086.4,492834172.99,2018
2018-06-25,6260.4,6286.36,6067.49,6088.39,62925.3,391396653.43,2018
2018-06-26,6092.26,6192.11,6021.69,6141.57,62639.82,383457137.86,2018
2018-06-27,6141.57,6172.23,5844.26,5871.28,63585.51,385907044.98,2018
2018-06-28,5870.81,6286.67,5813.02,6203.8,92884.98,554799001.51,2018
2018-06-29,6203.81,6503.33,6194.51,6385.38,65571.19,419284677.69,2018
2018-06-30,6385.43,6429.5,6262.72,6339.04,40809.54,259708490.63,2018
2018-07-01,6342.69,6673.71,5537.86,6615.66,73069.19,465915661.24,2018
2018-07-02,6616.6,6670.3,6473.48,6509.58,54662.02,356390898.98,2018
2018-07-03,6508.43,6777.97,6411.13,6590.06,62355.75,412202352.61,2018
2018-07-04,6589.77,6691.32,6448.23,6534.81,63771.67,421189063.01,2018
2018-07-05,6534.81,6633.44,6458.14,6602.02,47259.68,310759733.14,2018
2018-07-06,6602.03,6814.42,6518.23,6758.08,41785.1,277167900.06,2018
2018-07-07,6758.08,6782.85,6684.15,6707.38,39671.12,268455446.1,2018
2018-07-08,6707.46,6803.1,6625.58,6668.84,48761.43,328316145.78,2018
2018-07-09,6668.84,6683.61,6277.23,6306.85,72513.31,470432142.71,2018
2018-07-10,6306.87,6405.59,6293.68,6394.36,51054.67,327667754.35,2018
2018-07-11,6394.36,6394.93,6084.0,6253.6,65555.38,409078182.65,2018
2018-07-12,6253.66,6349.21,6131.54,6229.83,50964.41,319802271.97,2018
2018-07-13,6229.61,6332.46,6190.18,6268.75,27713.18,174416786.37,2018
2018-07-14,6268.32,6401.5,6245.75,6364.26,34225.9,218543291.78,2018
2018-07-15,6364.26,6761.84,6349.83,6740.55,74798.53,494264915.91,2018
2018-07-16,6740.54,7476.24,6677.56,7326.7,112707.21,799401451.35,2018
2018-07-17,7326.76,7590.65,7253.71,7383.39,105818.71,788460811.94,2018
2018-07-18,7383.39,7563.7,7289.9,7477.5,70179.39,522544440.45,2018
2018-07-19,7477.1,7676.55,7279.34,7333.93,80874.93,603034414.79,2018
2018-07-20,7333.93,7453.07,7220.37,7405.4,40295.77,297440355.21,2018
2018-07-21,7405.4,7569.28,7345.25,7398.64,47479.76,355565264.85,2018
2018-07-22,7398.64,7798.59,7376.66,7718.0,96722.04,745533303.01,2018
2018-07-23,7718.0,8485.71,7692.16,8395.82,143800.43,1166560702.13,2018
2018-07-24,8395.81,8481.11,8061.07,8170.23,89988.19,736530740.43,2018
2018-07-25,8170.37,8302.24,7862.67,7937.25,78993.93,643953970.45,2018
2018-07-26,7937.1,8278.01,7806.25,8182.89,80336.48,646256012.09,2018
2018-07-27,8182.88,8238.04,8070.04,8230.87,36136.12,295872316.42,2018
2018-07-28,8230.82,8291.55,8123.53,8216.78,34073.43,280233415.98,2018
2018-07-29,8216.7,8273.61,7867.44,8176.06,83918.76,681120739.99,2018
2018-07-30,8176.08,8176.27,7663.7,7735.3,97152.13,765186307.24,2018
2018-07-31,7736.25,7760.74,7449.31,7610.9,78466.58,595404848.88,2018
2018-08-01,7610.9,7713.32,7470.86,7542.34,55711.79,424093581.76,2018
2018-08-02,7542.34,7542.49,7296.76,7417.6,79126.57,586982505.83,2018
2018-08-03,7417.6,7490.89,6940.15,7017.89,74300.44,534002935.97,2018
2018-08-04,7017.89,7092.53,6898.31,7042.39,52556.01,368914046.39,2018
2018-08-05,7042.57,7160.4,6854.79,6945.78,58545.04,410408444.75,2018
2018-08-06,6945.77,7150.86,6685.02,6723.21,82683.83,575690006.27,2018
2018-08-07,6723.29,6723.99,6133.03,6285.02,130417.52,838853615.89,2018
2018-08-08,6285.06,6631.23,6195.02,6543.24,89588.13,575748446.38,2018
2018-08-09,6543.25,6582.14,6025.91,6153.41,100856.92,639457019.98,2018
2018-08-10,6152.95,6488.55,6014.26,6242.54,87651.14,545722619.11,2018
2018-08-11,6242.53,6483.39,6176.89,6322.92,57916.23,366460108.69,2018
2018-08-12,6322.41,6545.02,6157.03,6263.2,71073.56,452431672.68,2018
2018-08-13,6263.2,6266.5,5891.87,6199.6,125196.64,759847789.73,2018
2018-08-14,6199.63,6620.07,6193.63,6274.22,132926.33,852103141.83,2018
2018-08-15,6274.22,6478.07,6217.33,6323.81,71357.92,454679037.36,2018
2018-08-16,6323.81,6594.72,6300.45,6591.16,73383.05,477089455.56,2018
2018-08-17,6591.18,6622.16,6322.44,6405.71,52093.8,336744293.81,2018
2018-08-18,6405.74,6560.88,6330.56,6502.18,39452.94,253984821.8,2018
2018-08-19,6502.24,6537.54,6248.39,6269.9,61983.28,397981291.82,2018
2018-08-20,6270.09,6506.69,6259.81,6491.11,61753.86,396746063.37,2018
2018-08-21,6491.09,6890.79,6264.34,6366.13,116096.61,764005011.18,2018
2018-08-22,6366.14,6575.28,6356.96,6538.95,52740.3,340811486.77,2018
2018-08-23,6539.13,6736.83,6481.76,6708.96,58037.12,382456858.97,2018
2018-08-24,6708.94,6808.89,6684.19,6749.56,38189.09,258296664.16,2018
2018-08-25,6749.71,6793.17,6588.48,6720.6,39682.91,265820591.17,2018
2018-08-26,6720.6,6944.21,6674.84,6915.73,59984.28,405769271.5,2018
2018-08-27,6915.92,7136.71,6877.2,7091.38,69448.01,487789642.0,2018
2018-08-28,7091.38,7137.47,6944.76,7052.0,50361.95,356139022.3,2018
2018-08-29,7051.61,7072.64,6818.69,6998.76,61266.88,425475685.56,2018
2018-08-30,6998.76,7096.73,6903.08,7026.96,49774.38,349131152.81,2018
2018-08-31,7026.96,7272.03,7025.58,7203.46,41873.76,300301833.39,2018
2018-09-01,7203.46,7384.38,7144.71,7301.26,61424.38,447453370.83,2018
2018-09-02,7301.25,7350.58,7204.89,7270.05,42451.23,309327793.27,2018
2018-09-03,7270.05,7417.65,7246.76,7369.86,46681.9,343762001.58,2018
2018-09-04,7369.89,7401.43,6694.06,6705.03,113370.51,797851163.66,2018
2018-09-05,6705.06,6727.19,6295.11,6515.42,127586.04,823309044.3,2018
2018-09-06,6515.42,6549.39,6345.48,6411.78,53170.79,344487244.01,2018
2018-09-07,6413.12,6480.57,6134.76,6200.16,49719.12,317380272.09,2018
2018-09-08,6200.23,6451.25,6161.83,6249.07,38701.0,244400344.41,2018
2018-09-09,6249.07,6371.42,6247.64,6324.43,50695.88,320435279.61,2018
2018-09-10,6324.43,6415.51,6199.19,6295.54,51401.22,324512939.85,2018
2018-09-11,6295.54,6357.89,6208.28,6337.11,52814.83,332537236.17,2018
2018-09-12,6337.08,6534.89,6337.08,6492.0,65684.53,425090869.76,2018
2018-09-13,6492.17,6591.59,6393.84,6486.01,58029.07,377989402.01,2018
2018-09-14,6485.39,6573.19,6473.47,6522.08,31894.67,208349557.0,2018
2018-09-15,6522.68,6525.05,6404.31,6502.44,30897.54,200545603.1,2018
2018-09-16,6502.44,6538.82,6216.83,6261.48,62738.57,399675966.34,2018
2018-09-17,6261.33,6393.39,6238.25,6346.44,55076.95,348485895.37,2018
2018-09-18,6346.44,6522.9,6131.02,6398.8,71293.01,452379323.08,2018
2018-09-19,6398.83,6551.93,6361.33,6505.9,46802.06,301619960.91,2018
2018-09-20,6505.97,6785.22,6501.01,6762.06,85295.46,569642976.25,2018
2018-09-21,6762.07,6834.49,6633.01,6716.6,38829.87,261159308.22,2018
2018-09-22,6716.6,6768.56,6663.9,6702.7,25143.83,169080003.37,2018
2018-09-23,6702.73,6717.6,6557.82,6583.53,48934.13,324660682.66,2018
2018-09-24,6583.53,6583.54,6333.21,6437.74,65381.85,420279170.44,2018
2018-09-25,6437.74,6543.92,6383.16,6462.6,40752.6,264402806.65,2018
2018-09-26,6462.6,6733.94,6434.76,6686.13,52542.0,345096700.08,2018
2018-09-27,6686.13,6806.1,6545.41,6635.38,74353.41,497340510.07,2018
2018-09-28,6635.4,6635.42,6474.23,6603.75,37296.34,245055396.51,2018
2018-09-29,6603.75,6741.96,6543.68,6623.71,26335.14,174302164.09,2018
2018-09-30,6623.82,6662.6,6510.54,6594.98,38926.98,256959931.63,2018
2018-10-01,6594.98,6618.95,6478.04,6525.47,40624.2,267166277.79,2018
2018-10-02,6525.46,6537.07,6428.98,6492.26,47186.0,306385346.59,2018
2018-10-03,6492.61,6622.32,6486.86,6579.79,42142.96,277614018.45,2018
2018-10-04,6580.0,6683.55,6546.98,6632.87,39731.28,262562344.98,2018
2018-10-05,6632.88,6637.08,6563.25,6589.94,24787.61,162722103.98,2018
2018-10-06,6589.94,6622.49,6535.02,6601.15,27272.67,179378859.39,2018
2018-10-07,6601.46,6698.31,6565.01,6650.07,47216.82,313507433.75,2018
2018-10-08,6650.07,6657.0,6589.39,6631.79,32204.25,213976678.23,2018
2018-10-09,6631.79,6633.22,6487.86,6581.07,49264.39,323664963.18,2018
2018-10-10,6581.07,6581.59,6171.95,6209.47,104258.49,654924117.8,2018
2018-10-11,6209.47,6296.56,6173.86,6250.85,46195.91,289840137.45,2018
2018-10-12,6252.1,6280.73,6238.92,6267.27,21914.85,137705035.59,2018
2018-10-13,6267.27,6346.56,6247.17,6277.73,34130.1,215422888.18,2018
2018-10-14,6277.73,7234.83,6244.77,6612.36,177320.05,1190524168.21,2018
2018-10-15,6612.69,6724.91,6545.54,6583.05,49191.34,324232509.78,2018
2018-10-16,6583.05,6589.2,6511.6,6574.52,33538.55,220418636.64,2018
2018-10-17,6576.4,6616.27,6445.05,6488.72,50725.31,331761115.45,2018
2018-10-18,6489.37,6503.09,6449.36,6469.28,36599.64,237855085.41,2018
2018-10-19,6469.28,6645.2,6395.45,6490.56,19543.75,127185847.78,2018
2018-10-20,6490.6,6557.39,6474.47,6509.87,16019.49,105283929.06,2018
2018-10-21,6509.87,6531.23,6460.38,6483.23,31239.03,202766914.4,2018
2018-10-22,6484.32,6496.2,6438.99,6470.22,34071.62,220913293.6,2018
2018-10-23,6470.63,6538.35,6465.73,6476.25,34111.66,222068131.83,2018
2018-10-24,6476.52,6497.9,6432.3,6462.77,35706.92,231214963.95,2018
2018-10-25,6462.77,6514.0,6441.81,6457.21,33284.54,215447656.36,2018
2018-10-26,6457.21,6479.0,6445.95,6470.17,19092.86,124066466.34,2018
2018-10-27,6470.17,6483.24,6444.74,6470.74,16806.73,109118160.99,2018
2018-10-28,6470.74,6483.39,6282.58,6313.91,53760.53,342463526.52,2018
2018-10-29,6314.38,6340.68,6286.3,6309.11,42701.22,269592154.08,2018
2018-10-30,6309.11,6391.25,6241.49,6342.61,38823.41,245357244.49,2018
2018-10-31,6342.81,6402.59,6322.6,6381.3,31397.71,199861220.45,2018
2018-11-01,6381.3,6420.93,6371.57,6394.66,27987.6,179385606.7,2018
2018-11-02,6394.65,6398.09,6336.96,6376.32,28808.38,183565304.27,2018
2018-11-03,6376.55,6498.16,6351.92,6467.05,27317.02,175805188.92,2018
2018-11-04,6467.05,6475.8,6406.69,6433.74,24142.0,155758902.3,2018
2018-11-05,6433.53,6482.81,6412.56,6479.72,37162.36,239808254.25,2018
2018-11-06,6479.72,6562.79,6476.59,6529.68,55100.44,360052788.55,2018
2018-11-07,6530.94,6542.42,6438.27,6446.06,42073.45,273205386.68,2018
2018-11-08,6446.06,6457.97,6352.45,6377.99,37086.04,237893036.71,2018
2018-11-09,6377.99,6419.92,6376.17,6396.37,14658.42,94313328.59,2018
2018-11-10,6396.39,6414.18,6326.38,6408.18,20337.03,130156001.58,2018
2018-11-11,6408.18,6435.41,6350.87,6375.08,28338.62,181575610.86,2018
2018-11-12,6375.08,6389.43,6315.58,6339.17,35761.27,227689745.72,2018
2018-11-13,6339.17,6375.7,5469.93,5741.47,178422.8,1045469380.16,2018
2018-11-14,5740.51,5767.06,5300.75,5647.5,147895.07,820864013.96,2018
2018-11-15,5647.5,5676.54,5487.87,5586.27,71050.83,397196182.83,2018
2018-11-16,5586.97,5602.01,5524.7,5568.94,29517.8,164182152.19,2018
2018-11-17,5567.95,5701.35,5567.95,5615.26,41702.04,233409182.46,2018
2018-11-18,5615.26,5615.98,4757.01,4809.62,207964.38,1072037780.45,2018
2018-11-19,4809.62,4953.56,4168.25,4441.81,315023.21,1433400842.16,2018
2018-11-20,4441.81,4689.55,4315.58,4593.04,152286.19,686284917.84,2018
2018-11-21,4593.04,4640.72,4297.21,4320.68,83715.43,376852837.57,2018
2018-11-22,4320.68,4419.48,4157.19,4343.42,121719.16,521825987.75,2018
2018-11-23,4343.42,4432.0,3741.2,3854.11,123090.79,503028289.39,2018
2018-11-24,3854.11,4165.93,3550.04,4004.15,213926.98,819869496.19,2018
2018-11-25,4004.46,4124.7,3598.81,3784.59,185985.76,715341714.72,2018
2018-11-26,3784.77,3878.9,3613.11,3822.99,147999.31,555212127.53,2018
2018-11-27,3822.99,4398.57,3822.94,4263.55,175435.76,726808596.57,2018
2018-11-28,4263.52,4444.39,4130.68,4286.69,112103.36,479575430.64,2018
2018-11-29,4286.85,4331.07,3916.3,4009.67,121993.57,497762735.43,2018
2018-11-30,4009.67,4309.65,3942.62,4197.46,67774.58,280927570.31,2018
2018-12-01,4197.7,4318.79,4077.67,4143.86,62748.83,262154694.41,2018
2018-12-02,4143.86,4159.01,3795.18,3871.41,107400.61,423985399.83,2018
2018-12-03,3871.41,4082.68,3770.92,3948.44,94655.27,373361232.89,2018
2018-12-04,3948.44,3961.8,3719.19,3737.53,83811.55,320944415.67,2018
2018-12-05,3737.53,3883.43,3467.92,3485.18,159523.77,590923562.42,2018
2018-12-06,3485.18,3576.11,3248.0,3420.57,206088.47,699930576.16,2018
2018-12-07,3420.57,3602.49,3295.21,3461.07,104091.14,357548590.53,2018
2018-12-08,3461.07,3718.58,3436.5,3592.84,83347.79,295321498.63,2018
2018-12-09,3592.84,3645.49,3416.77,3467.16,81855.33,287119758.11,2018
2018-12-10,3467.16,3483.58,3348.98,3401.02,67519.71,230671778.42,2018
2018-12-11,3401.02,3545.37,3380.48,3485.59,74415.95,257293632.74,2018
2018-12-12,3485.59,3493.76,3272.81,3305.11,84592.04,286236674.73,2018
2018-12-13,3305.11,3333.24,3180.97,3235.48,89133.43,290985461.02,2018
2018-12-14,3235.48,3271.76,3169.53,3232.51,51317.37,165378769.6,2018
2018-12-15,3232.51,3319.83,3227.4,3255.37,45102.51,148182655.41,2018
2018-12-16,3255.37,3639.65,3239.06,3548.19,119831.24,412454521.38,2018
2018-12-17,3548.19,3727.99,3481.46,3715.85,91609.53,327807644.75,2018
2018-12-18,3715.85,3969.7,3693.57,3736.54,163016.15,620695447.39,2018
2018-12-19,3736.54,4225.52,3712.82,4137.66,180025.9,724855205.51,2018
2018-12-20,4137.66,4247.71,3831.2,3898.81,128508.13,516656937.13,2018
2018-12-21,3898.81,4060.34,3849.23,4045.24,63672.55,250085915.72,2018
2018-12-22,4045.24,4117.65,3972.39,4007.63,58294.45,235997621.23,2018
2018-12-23,4007.63,4303.37,4006.6,4081.95,109869.44,459290147.24,2018
2018-12-24,4081.95,4094.61,3734.85,3834.73,95683.55,367200910.64,2018
2018-12-25,3834.73,3923.93,3746.86,3848.78,68965.06,263439573.84,2018
2018-12-26,3848.78,3888.92,3622.39,3646.09,81652.77,305729129.14,2018
2018-12-27,3646.09,4007.71,3628.43,3947.86,92882.41,353705007.17,2018
2018-12-28,3947.86,4004.14,3774.38,3797.06,54702.16,214891355.42,2018
2018-12-29,3797.06,3925.18,3760.8,3896.21,49797.04,191958416.81,2018
2018-12-30,3896.21,3904.28,3701.48,3747.39,54221.49,206190463.74,2018
2018-12-31,3747.39,3938.75,3696.94,3880.15,45104.29,170598307.96,2018
